Facility_Clean,Persons Screened,% Total Screened
CHC Harsana,90,9.164969450101832
CHC Laxmangarh,81,8.24847250509165
CHC Pinan,153,15.580448065173117
CHC Rajgarh,296,30.14256619144603
CHC Tahla,43,4.378818737270876
PHC Bahatukala,55,5.6008146639511205
PHC Bhanokhar,34,3.462321792260693
PHC Dhamred,130,13.238289205702646
PHC Ramanagar,100,10.183299389002038
Total,982,100.0
